1;Varosi Konyvtar;konyvtar;2000.5.1;1000;5
2;Varosi Korhaz;korhaz;1990.3.15;9500;5
3;Varosi Bevasarlo Kozpont;plaza;1991.12.5;5000;5
4;Muvelodesi haz;muvhaz;2001.9.1;4500;5
5;Varosi Szinhaz;szinhaz;2005.11.11;7000;2
6;Varosi Mozi;mozi;2000.2.2;3600;2
7;Romai Lakopark;lakohaz;1980.12.12;4000;2
8;Varosi Gyogyszertar;gyogyszertar;1998.10.10;100;4
9;Varosi Lakopark;lakohaz;1999.9.9;10000;3
10;Varosi Rendelo;rendelo;1980.5.4;50;5
11;Mentoallomas;mentoallomas;1990.4.1;300;3
12;Tuzoltosag;tuzoltosag;1989.4.1;500;3
13;altalanos Iskola;iskola;1997.8.20;5000;4
14;Kozepiskola;iskola;1998.7.28;7000;4