8;Kiss Elek;2000;tanar;9
9;Nagy Anna;1980;nover;9
10;Fuge Lajos;1996;tuzolto;7
11;Toth Tihamer;2020;nincs;7
12;Toth Kalman;1998;konyvtaros;7
13;Toth Rita;2000;eloado;7
14;Kovacs Pal;1991;orvos;9
15;Kovacs Hugo;2010;tanulo;9
16;Kovacs eva;1990;szinesz;9
17;Molnar  Ferenc;1980;mentos;9
18;Molnar Ferencne;1983;elado;9
19;Veres Noemi;1986;elado;7
20;Veres Sandor;1987;orvos;7
21;Balog Geza;2001;asszisztens;9
22;Balog  Gezane;2001;szinesz;9
23;Balog Csaba;2010;tanulo;9
24;Balog Noemi;2012;tanulo;9
25;Balog Csilla;2014;tanulo;9
26;Horvath Sandor;1978;takarito;7
27;Horvath Lili;1979;tanar;7
28;Horvath Roza;1976;igazgato;7
29;Ari Szabina;1985;igazgatohelyettes;7
30;Ari arpad;1980;orvos;7
31;Ari agnes;2009;tanulo;7
32;Ari Peter;2013;tanulo;7
33;Devai Csongor;1969;igazgato;9
34;Devai Csaba;1986;elado;9
35;Devai iren;1990;nover;7
36;Devai Lilla;2020;nincs;7
37;Vari Balazs;1972;szinesz;9
38;Vari Lujza;1975;szinesz;9
39;Vari Luca;2000;tanar;7