11;alomvarosi Konyvtar;Oktatas;1;500
12;alomvarosi Korhaz;Egeszsegugy;2;600
13;alomvarosi altalanos Iskola;Oktatas;13;700
14;alomvarosi Gimnazium;Oktatas;14;800
15;alomvarosi Szinhaz;Muvelodes;5;900
16;alomvarosi Mozi;Muvelodes;6;1000
17;alomvarosi Gyogyszertar;Egeszsegugy;8;1100
18;Babszinhaz;Muvelodes;5;1200
19;Tanciskola;Muvelodes;4;1300
20;enekkar;Muvelodes;4;1400
21;Olvasokor;Muvelodes;4;1500
22;Patyolat;Egyeb;3;1600
23;Fodraszat;Egyeb;3;1700
24;Posta;Egyeb;3;1800
25;Korzeti orvosi rendelo;Egeszsegugy;10;300